Country,Category,DateTime,Value,Frequency,HistoricalDataSymbol,LastUpdate
Vietnam,Balance of Trade,1990-12-31T00:00:00,-0.348,Monthly,VietnamBT,2020-07-29T08:59:00
Vietnam,Balance of Trade,1991-12-31T00:00:00,-0.251,Monthly,VietnamBT,2020-07-29T08:59:00
Vietnam,Balance of Trade,1992-12-31T00:00:00,0.04,Monthly,VietnamBT,2020-07-29T08:59:00
Vietnam,Balance of Trade,1993-12-31T00:00:00,-0.939,Monthly,VietnamBT,2020-07-29T08:59:00
Vietnam,Balance of Trade,1994-12-31T00:00:00,-1.772,Monthly,VietnamBT,2020-07-29T08:59:00
Vietnam,Balance of Trade,1995-12-31T00:00:00,-2.706,Monthly,VietnamBT,2020-07-29T08:59:00
Vietnam,Balance of Trade,1996-12-31T00:00:00,-3.888,Monthly,VietnamBT,2020-07-29T08:59:00
Vietnam,Balance of Trade,1997-04-30T00:00:00,-0.2,Monthly,VietnamBT,2020-07-29T08:57:00
Vietnam,Balance of Trade,1997-05-31T00:00:00,-0.23,Monthly,VietnamBT,2020-07-29T08:57:00
Vietnam,Balance of Trade,1997-06-30T00:00:00,-0.266,Monthly,VietnamBT,2020-07-29T08:57:00
Vietnam,Balance of Trade,1997-07-31T00:00:00,-0.35,Monthly,VietnamBT,2020-07-29T08:57:00
Vietnam,Balance of Trade,1997-08-31T00:00:00,-0.2,Monthly,VietnamBT,2020-07-29T08:57:00
Vietnam,Balance of Trade,1997-09-30T00:00:00,-0.14,Monthly,VietnamBT,2020-07-29T08:57:00
Vietnam,Balance of Trade,1997-10-31T00:00:00,-0.22,Monthly,VietnamBT,2020-07-29T08:57:00
Vietnam,Balance of Trade,1997-11-30T00:00:00,-0.2,Monthly,VietnamBT,2020-07-29T08:57:00
Vietnam,Balance of Trade,1998-01-31T00:00:00,-0.149,Monthly,VietnamBT,2020-07-29T08:57:00
Vietnam,Balance of Trade,1998-02-28T00:00:00,-0.2,Monthly,VietnamBT,2020-07-29T08:57:00
Vietnam,Balance of Trade,1998-03-31T00:00:00,-0.132,Monthly,VietnamBT,2020-07-29T08:57:00
Vietnam,Balance of Trade,1998-04-30T00:00:00,-0.12,Monthly,VietnamBT,2020-07-29T08:57:00
Vietnam,Balance of Trade,1998-05-31T00:00:00,-0.19,Monthly,VietnamBT,2020-07-29T08:57:00
Vietnam,Balance of Trade,1998-06-30T00:00:00,-0.264,Monthly,VietnamBT,2020-07-29T08:57:00
Vietnam,Balance of Trade,1998-07-31T00:00:00,-0.12,Monthly,VietnamBT,2020-07-29T08:57:00
Vietnam,Balance of Trade,1998-08-31T00:00:00,-0.12,Monthly,VietnamBT,2020-07-29T08:57:00
Vietnam,Balance of Trade,1998-09-30T00:00:00,-0.04,Monthly,VietnamBT,2020-07-29T08:57:00
Vietnam,Balance of Trade,1998-10-31T00:00:00,-0.14,Monthly,VietnamBT,2020-07-29T08:57:00
Vietnam,Balance of Trade,1998-11-30T00:00:00,-0.07,Monthly,VietnamBT,2020-07-29T08:57:00
Vietnam,Balance of Trade,1998-12-31T00:00:00,-0.08,Monthly,VietnamBT,2020-07-29T08:57:00
Vietnam,Balance of Trade,1999-01-31T00:00:00,-0.009,Monthly,VietnamBT,2020-07-29T08:57:00
Vietnam,Balance of Trade,1999-02-28T00:00:00,0.01,Monthly,VietnamBT,2020-07-29T08:57:00
Vietnam,Balance of Trade,1999-03-31T00:00:00,-0.1,Monthly,VietnamBT,2020-07-29T08:57:00
Vietnam,Balance of Trade,1999-04-30T00:00:00,-0.1,Monthly,VietnamBT,2020-07-29T08:57:00
Vietnam,Balance of Trade,1999-05-31T00:00:00,-0.03,Monthly,VietnamBT,2020-07-29T08:57:00
Vietnam,Balance of Trade,1999-06-30T00:00:00,-0.015,Monthly,VietnamBT,2020-07-29T08:57:00
Vietnam,Balance of Trade,1999-07-31T00:00:00,0,Monthly,VietnamBT,2014-08-14T11:31:00
Vietnam,Balance of Trade,1999-08-31T00:00:00,0,Monthly,VietnamBT,2014-08-14T11:31:00
Vietnam,Balance of Trade,1999-09-30T00:00:00,-0.05,Monthly,VietnamBT,2020-07-29T08:57:00
Vietnam,Balance of Trade,1999-10-31T00:00:00,-0.033,Monthly,VietnamBT,2020-07-29T08:57:00
Vietnam,Balance of Trade,1999-11-30T00:00:00,-0.023,Monthly,VietnamBT,2020-07-29T08:57:00
Vietnam,Balance of Trade,1999-12-31T00:00:00,-0.06,Monthly,VietnamBT,2020-07-29T08:57:00
Vietnam,Balance of Trade,2000-01-31T00:00:00,-0.01,Monthly,VietnamBT,2020-07-29T08:57:00
Vietnam,Balance of Trade,2000-02-29T00:00:00,-0.05,Monthly,VietnamBT,2020-07-29T08:57:00
Vietnam,Balance of Trade,2000-03-31T00:00:00,-0.1,Monthly,VietnamBT,2020-07-29T08:57:00
Vietnam,Balance of Trade,2000-04-30T00:00:00,-0.05,Monthly,VietnamBT,2020-07-29T08:57:00
Vietnam,Balance of Trade,2000-05-31T00:00:00,-0.16,Monthly,VietnamBT,2020-07-29T08:57:00
Vietnam,Balance of Trade,2000-06-30T00:00:00,-0.13,Monthly,VietnamBT,2020-07-29T08:57:00
Vietnam,Balance of Trade,2000-07-31T00:00:00,-0.03,Monthly,VietnamBT,2020-07-29T08:57:00
Vietnam,Balance of Trade,2000-08-31T00:00:00,-0.01,Monthly,VietnamBT,2020-07-29T08:57:00
Vietnam,Balance of Trade,2000-10-31T00:00:00,-0.02,Monthly,VietnamBT,2020-07-29T08:57:00
Vietnam,Balance of Trade,2000-11-30T00:00:00,-0.06,Monthly,VietnamBT,2020-07-29T08:57:00
Vietnam,Balance of Trade,2000-12-31T00:00:00,-0.108,Monthly,VietnamBT,2020-07-29T08:57:00
Vietnam,Balance of Trade,2001-01-31T00:00:00,0.039,Monthly,VietnamBT,2020-07-29T08:57:00
Vietnam,Balance of Trade,2001-02-28T00:00:00,-0.03,Monthly,VietnamBT,2020-07-29T08:57:00
Vietnam,Balance of Trade,2001-03-31T00:00:00,-0.06,Monthly,VietnamBT,2020-07-29T08:57:00
Vietnam,Balance of Trade,2001-04-30T00:00:00,-0.06,Monthly,VietnamBT,2020-07-29T08:57:00
Vietnam,Balance of Trade,2001-05-31T00:00:00,-0.13,Monthly,VietnamBT,2020-07-29T08:57:00
Vietnam,Balance of Trade,2001-06-30T00:00:00,-0.09,Monthly,VietnamBT,2020-07-29T08:57:00
Vietnam,Balance of Trade,2001-07-31T00:00:00,0.01,Monthly,VietnamBT,2020-07-29T08:57:00
Vietnam,Balance of Trade,2001-08-31T00:00:00,0.03,Monthly,VietnamBT,2020-07-29T08:57:00
Vietnam,Balance of Trade,2001-11-30T00:00:00,-0.2,Monthly,VietnamBT,2020-07-29T08:57:00
Vietnam,Balance of Trade,2001-12-31T00:00:00,-0.157,Monthly,VietnamBT,2020-07-29T08:57:00
Vietnam,Balance of Trade,2002-01-31T00:00:00,0.18,Monthly,VietnamBT,2020-07-29T08:57:00
Vietnam,Balance of Trade,2002-02-28T00:00:00,-0.17,Monthly,VietnamBT,2020-07-29T08:57:00
Vietnam,Balance of Trade,2002-03-31T00:00:00,-0.1,Monthly,VietnamBT,2020-07-29T08:57:00
Vietnam,Balance of Trade,2002-04-30T00:00:00,-0.06,Monthly,VietnamBT,2020-07-29T08:57:00
Vietnam,Balance of Trade,2002-05-31T00:00:00,-0.15,Monthly,VietnamBT,2020-07-29T08:57:00
Vietnam,Balance of Trade,2002-06-30T00:00:00,-0.14,Monthly,VietnamBT,2020-07-29T08:57:00
Vietnam,Balance of Trade,2002-07-31T00:00:00,-0.15,Monthly,VietnamBT,2020-07-29T08:57:00
Vietnam,Balance of Trade,2002-08-31T00:00:00,-0.15,Monthly,VietnamBT,2020-07-29T08:57:00
Vietnam,Balance of Trade,2002-10-31T00:00:00,-0.17,Monthly,VietnamBT,2020-07-29T08:57:00
Vietnam,Balance of Trade,2002-11-30T00:00:00,-0.23,Monthly,VietnamBT,2020-07-29T08:57:00
Vietnam,Balance of Trade,2002-12-31T00:00:00,-0.288,Monthly,VietnamBT,2020-07-29T08:57:00
Vietnam,Balance of Trade,2003-01-31T00:00:00,-0.009,Monthly,VietnamBT,2020-07-29T08:57:00
Vietnam,Balance of Trade,2003-02-28T00:00:00,-0.15,Monthly,VietnamBT,2020-07-29T08:57:00
Vietnam,Balance of Trade,2003-03-31T00:00:00,-0.07,Monthly,VietnamBT,2020-07-29T08:57:00
Vietnam,Balance of Trade,2003-04-30T00:00:00,-0.24,Monthly,VietnamBT,2020-07-29T08:57:00
Vietnam,Balance of Trade,2003-05-31T00:00:00,-0.58,Monthly,VietnamBT,2020-07-29T08:57:00
Vietnam,Balance of Trade,2003-06-30T00:00:00,-0.35,Monthly,VietnamBT,2020-07-29T08:57:00
Vietnam,Balance of Trade,2003-07-31T00:00:00,-0.32,Monthly,VietnamBT,2020-07-29T08:57:00
Vietnam,Balance of Trade,2003-08-31T00:00:00,-0.23,Monthly,VietnamBT,2020-07-29T08:57:00
Vietnam,Balance of Trade,2003-10-31T00:00:00,-0.3,Monthly,VietnamBT,2020-07-29T08:57:00
Vietnam,Balance of Trade,2003-11-30T00:00:00,-0.39,Monthly,VietnamBT,2020-07-29T08:57:00
Vietnam,Balance of Trade,2003-12-31T00:00:00,-0.541,Monthly,VietnamBT,2020-07-29T08:57:00
Vietnam,Balance of Trade,2004-01-31T00:00:00,-0.188,Monthly,VietnamBT,2020-07-29T08:57:00
Vietnam,Balance of Trade,2004-02-29T00:00:00,-0.13,Monthly,VietnamBT,2020-07-29T08:57:00
Vietnam,Balance of Trade,2004-03-31T00:00:00,-0.3,Monthly,VietnamBT,2020-07-29T08:57:00
Vietnam,Balance of Trade,2004-04-30T00:00:00,-0.43,Monthly,VietnamBT,2020-07-29T08:57:00
Vietnam,Balance of Trade,2004-05-31T00:00:00,-0.52,Monthly,VietnamBT,2020-07-29T08:57:00
Vietnam,Balance of Trade,2004-06-30T00:00:00,-0.48,Monthly,VietnamBT,2020-07-29T08:57:00
Vietnam,Balance of Trade,2004-07-31T00:00:00,-0.39,Monthly,VietnamBT,2020-07-29T08:57:00
Vietnam,Balance of Trade,2004-08-31T00:00:00,-0.28,Monthly,VietnamBT,2020-07-29T08:57:00
Vietnam,Balance of Trade,2004-09-30T00:00:00,-0.45,Monthly,VietnamBT,2020-07-29T08:57:00
Vietnam,Balance of Trade,2004-10-31T00:00:00,-0.35,Monthly,VietnamBT,2020-07-29T08:57:00
Vietnam,Balance of Trade,2004-11-30T00:00:00,-0.5,Monthly,VietnamBT,2020-07-29T08:57:00
Vietnam,Balance of Trade,2004-12-31T00:00:00,-0.8,Monthly,VietnamBT,2020-07-29T08:57:00
Vietnam,Balance of Trade,2005-01-31T00:00:00,-0.43,Monthly,VietnamBT,2020-07-29T08:57:00
Vietnam,Balance of Trade,2005-02-28T00:00:00,-0.45,Monthly,VietnamBT,2020-07-29T08:57:00
Vietnam,Balance of Trade,2005-03-31T00:00:00,-0.3,Monthly,VietnamBT,2020-07-29T08:57:00
Vietnam,Balance of Trade,2005-04-30T00:00:00,-0.5,Monthly,VietnamBT,2020-07-29T08:57:00
Vietnam,Balance of Trade,2005-05-31T00:00:00,-0.65,Monthly,VietnamBT,2020-07-29T08:57:00
Vietnam,Balance of Trade,2005-06-30T00:00:00,-0.75,Monthly,VietnamBT,2020-07-29T08:57:00
Vietnam,Balance of Trade,2005-07-31T00:00:00,-0.4,Monthly,VietnamBT,2020-07-29T08:57:00
Vietnam,Balance of Trade,2005-08-31T00:00:00,-0.3,Monthly,VietnamBT,2020-07-29T08:57:00
Vietnam,Balance of Trade,2005-09-30T00:00:00,-0.3,Monthly,VietnamBT,2020-07-29T08:57:00
Vietnam,Balance of Trade,2005-10-31T00:00:00,-0.35,Monthly,VietnamBT,2020-07-29T08:57:00
Vietnam,Balance of Trade,2005-11-30T00:00:00,-0.35,Monthly,VietnamBT,2020-07-29T08:57:00
Vietnam,Balance of Trade,2005-12-31T00:00:00,-0.33,Monthly,VietnamBT,2020-07-29T08:57:00
Vietnam,Balance of Trade,2006-01-31T00:00:00,-0.35,Monthly,VietnamBT,2020-07-29T08:57:00
Vietnam,Balance of Trade,2006-02-28T00:00:00,-0.3,Monthly,VietnamBT,2020-07-29T08:57:00
Vietnam,Balance of Trade,2006-03-31T00:00:00,-0.1,Monthly,VietnamBT,2020-07-29T08:57:00
Vietnam,Balance of Trade,2006-04-30T00:00:00,-0.3,Monthly,VietnamBT,2020-07-29T08:57:00
Vietnam,Balance of Trade,2006-05-31T00:00:00,-0.4,Monthly,VietnamBT,2020-07-29T08:57:00
Vietnam,Balance of Trade,2006-06-30T00:00:00,-0.6,Monthly,VietnamBT,2020-07-29T08:57:00
Vietnam,Balance of Trade,2006-07-31T00:00:00,-0.55,Monthly,VietnamBT,2020-07-29T08:57:00
Vietnam,Balance of Trade,2006-08-31T00:00:00,-0.44,Monthly,VietnamBT,2020-07-29T08:57:00
Vietnam,Balance of Trade,2006-09-30T00:00:00,-0.6,Monthly,VietnamBT,2020-07-29T08:57:00
Vietnam,Balance of Trade,2006-10-31T00:00:00,-0.65,Monthly,VietnamBT,2020-07-29T08:57:00
Vietnam,Balance of Trade,2006-11-30T00:00:00,-0.64,Monthly,VietnamBT,2020-07-29T08:57:00
Vietnam,Balance of Trade,2006-12-31T00:00:00,-0.5,Monthly,VietnamBT,2020-07-29T08:57:00
Vietnam,Balance of Trade,2007-01-31T00:00:00,-0.1,Monthly,VietnamBT,2020-07-29T08:57:00
Vietnam,Balance of Trade,2007-02-28T00:00:00,-0.5,Monthly,VietnamBT,2020-07-29T08:57:00
Vietnam,Balance of Trade,2007-03-31T00:00:00,-0.2,Monthly,VietnamBT,2020-07-29T08:57:00
Vietnam,Balance of Trade,2007-04-30T00:00:00,-0.55,Monthly,VietnamBT,2020-07-29T08:57:00
Vietnam,Balance of Trade,2007-05-31T00:00:00,-0.7,Monthly,VietnamBT,2020-07-29T08:57:00
Vietnam,Balance of Trade,2007-06-30T00:00:00,-0.95,Monthly,VietnamBT,2020-07-29T08:57:00
Vietnam,Balance of Trade,2007-07-31T00:00:00,-0.8,Monthly,VietnamBT,2020-07-29T08:57:00
Vietnam,Balance of Trade,2007-08-31T00:00:00,-0.8,Monthly,VietnamBT,2020-07-29T08:57:00
Vietnam,Balance of Trade,2007-09-30T00:00:00,-1,Monthly,VietnamBT,2020-07-29T08:57:00
Vietnam,Balance of Trade,2007-10-31T00:00:00,-1.05,Monthly,VietnamBT,2020-07-29T08:57:00
Vietnam,Balance of Trade,2007-11-30T00:00:00,-1.25,Monthly,VietnamBT,2020-07-29T08:57:00
Vietnam,Balance of Trade,2007-12-31T00:00:00,-1.6,Monthly,VietnamBT,2020-07-29T08:57:00
Vietnam,Balance of Trade,2008-01-31T00:00:00,-2.421,Monthly,VietnamBT,2020-07-29T08:57:00
Vietnam,Balance of Trade,2008-02-29T00:00:00,-2,Monthly,VietnamBT,2020-07-29T08:57:00
Vietnam,Balance of Trade,2008-03-31T00:00:00,-2.3,Monthly,VietnamBT,2020-07-29T08:57:00
Vietnam,Balance of Trade,2008-04-30T00:00:00,-2.75,Monthly,VietnamBT,2020-07-29T08:57:00
Vietnam,Balance of Trade,2008-05-31T00:00:00,-2.85,Monthly,VietnamBT,2020-07-29T08:57:00
Vietnam,Balance of Trade,2008-06-30T00:00:00,-1.3,Monthly,VietnamBT,2020-07-29T08:57:00
Vietnam,Balance of Trade,2008-07-31T00:00:00,-0.8,Monthly,VietnamBT,2020-07-29T08:57:00
Vietnam,Balance of Trade,2008-08-31T00:00:00,-0.258,Monthly,VietnamBT,2020-07-29T08:57:00
Vietnam,Balance of Trade,2008-09-30T00:00:00,-0.237,Monthly,VietnamBT,2020-07-29T08:57:00
Vietnam,Balance of Trade,2008-10-31T00:00:00,-0.662,Monthly,VietnamBT,2020-07-29T08:57:00
Vietnam,Balance of Trade,2008-11-30T00:00:00,-0.432,Monthly,VietnamBT,2020-07-29T08:57:00
Vietnam,Balance of Trade,2008-12-31T00:00:00,-0.2,Monthly,VietnamBT,2020-07-29T08:57:00
Vietnam,Balance of Trade,2009-01-31T00:00:00,0.39,Monthly,VietnamBT,2020-07-29T08:57:00
Vietnam,Balance of Trade,2009-02-28T00:00:00,0.84,Monthly,VietnamBT,2020-07-29T08:57:00
Vietnam,Balance of Trade,2009-03-31T00:00:00,0.269,Monthly,VietnamBT,2020-07-29T08:57:00
Vietnam,Balance of Trade,2009-04-30T00:00:00,-1.177,Monthly,VietnamBT,2020-07-29T08:57:00
Vietnam,Balance of Trade,2009-05-31T00:00:00,-1.254,Monthly,VietnamBT,2020-07-29T08:57:00
Vietnam,Balance of Trade,2009-06-30T00:00:00,-1.165,Monthly,VietnamBT,2020-07-29T08:57:00
Vietnam,Balance of Trade,2009-07-31T00:00:00,-1.517,Monthly,VietnamBT,2020-07-29T08:57:00
Vietnam,Balance of Trade,2009-08-31T00:00:00,-1.325,Monthly,VietnamBT,2020-07-29T08:57:00
Vietnam,Balance of Trade,2009-09-30T00:00:00,-1.832,Monthly,VietnamBT,2020-07-29T08:57:00
Vietnam,Balance of Trade,2009-10-31T00:00:00,-1.599,Monthly,VietnamBT,2020-07-29T08:57:00
Vietnam,Balance of Trade,2009-11-30T00:00:00,-2.081,Monthly,VietnamBT,2020-07-29T08:57:00
Vietnam,Balance of Trade,2009-12-31T00:00:00,-1.928,Monthly,VietnamBT,2020-07-29T08:57:00
Vietnam,Balance of Trade,2010-01-31T00:00:00,-0.945,Monthly,VietnamBT,2020-07-29T08:57:00
Vietnam,Balance of Trade,2010-02-28T00:00:00,-1.33,Monthly,VietnamBT,2020-07-29T08:57:00
Vietnam,Balance of Trade,2010-03-31T00:00:00,-1.155,Monthly,VietnamBT,2020-07-29T08:57:00
Vietnam,Balance of Trade,2010-04-30T00:00:00,-1.162,Monthly,VietnamBT,2020-07-29T08:57:00
Vietnam,Balance of Trade,2010-05-31T00:00:00,-0.871,Monthly,VietnamBT,2020-07-29T08:57:00
Vietnam,Balance of Trade,2010-06-30T00:00:00,-0.742,Monthly,VietnamBT,2020-07-29T08:57:00
Vietnam,Balance of Trade,2010-07-31T00:00:00,-0.978,Monthly,VietnamBT,2020-07-29T08:57:00
Vietnam,Balance of Trade,2010-08-31T00:00:00,-0.395,Monthly,VietnamBT,2020-07-29T08:57:00
Vietnam,Balance of Trade,2010-09-30T00:00:00,-0.875,Monthly,VietnamBT,2020-07-29T08:57:00
Vietnam,Balance of Trade,2010-10-31T00:00:00,-1.077,Monthly,VietnamBT,2020-07-29T08:57:00
Vietnam,Balance of Trade,2010-11-30T00:00:00,-1.3,Monthly,VietnamBT,2020-07-29T08:57:00
Vietnam,Balance of Trade,2010-12-31T00:00:00,-1.294,Monthly,VietnamBT,2020-07-29T08:57:00
Vietnam,Balance of Trade,2011-01-31T00:00:00,-0.877,Monthly,VietnamBT,2020-07-29T08:57:00
Vietnam,Balance of Trade,2011-02-28T00:00:00,-1.112,Monthly,VietnamBT,2020-07-29T08:57:00
Vietnam,Balance of Trade,2011-03-31T00:00:00,-1.409,Monthly,VietnamBT,2020-07-29T08:57:00
Vietnam,Balance of Trade,2011-04-30T00:00:00,-1.493,Monthly,VietnamBT,2020-07-29T08:57:00
Vietnam,Balance of Trade,2011-05-31T00:00:00,-1.421,Monthly,VietnamBT,2020-07-29T08:57:00
Vietnam,Balance of Trade,2011-06-30T00:00:00,-0.16,Monthly,VietnamBT,2020-07-29T08:57:00
Vietnam,Balance of Trade,2011-07-31T00:00:00,1.102,Monthly,VietnamBT,2020-07-29T08:57:00
Vietnam,Balance of Trade,2011-08-31T00:00:00,-0.396,Monthly,VietnamBT,2020-07-29T08:57:00
Vietnam,Balance of Trade,2011-09-30T00:00:00,-1.501,Monthly,VietnamBT,2020-07-29T08:57:00
Vietnam,Balance of Trade,2011-10-31T00:00:00,-0.75,Monthly,VietnamBT,2020-07-29T08:57:00
Vietnam,Balance of Trade,2011-11-30T00:00:00,-0.567,Monthly,VietnamBT,2020-07-29T08:57:00
Vietnam,Balance of Trade,2011-12-31T00:00:00,-0.269,Monthly,VietnamBT,2020-07-29T08:57:00
Vietnam,Balance of Trade,2012-01-31T00:00:00,0.172,Monthly,VietnamBT,2020-07-29T08:57:00
Vietnam,Balance of Trade,2012-02-29T00:00:00,-0.279,Monthly,VietnamBT,2020-07-29T08:57:00
Vietnam,Balance of Trade,2012-03-31T00:00:00,0.424,Monthly,VietnamBT,2020-07-29T08:57:00
Vietnam,Balance of Trade,2012-04-30T00:00:00,0.003,Monthly,VietnamBT,2020-07-29T08:57:00
Vietnam,Balance of Trade,2012-05-31T00:00:00,-0.527,Monthly,VietnamBT,2020-07-29T08:57:00
Vietnam,Balance of Trade,2012-06-30T00:00:00,0.361,Monthly,VietnamBT,2020-07-29T08:57:00
Vietnam,Balance of Trade,2012-07-31T00:00:00,0.579,Monthly,VietnamBT,2020-07-29T08:57:00
Vietnam,Balance of Trade,2012-08-31T00:00:00,0.051,Monthly,VietnamBT,2020-07-29T08:57:00
Vietnam,Balance of Trade,2012-09-30T00:00:00,0.175,Monthly,VietnamBT,2020-07-29T08:57:00
Vietnam,Balance of Trade,2012-10-31T00:00:00,0.156,Monthly,VietnamBT,2020-07-29T08:57:00
Vietnam,Balance of Trade,2012-11-30T00:00:00,0.395,Monthly,VietnamBT,2020-07-29T08:57:00
Vietnam,Balance of Trade,2012-12-31T00:00:00,0.498,Monthly,VietnamBT,2020-07-29T08:57:00
Vietnam,Balance of Trade,2013-01-31T00:00:00,0.776,Monthly,VietnamBT,2020-07-29T08:57:00
Vietnam,Balance of Trade,2013-02-28T00:00:00,-0.094,Monthly,VietnamBT,2020-07-29T08:57:00
Vietnam,Balance of Trade,2013-03-31T00:00:00,-0.546,Monthly,VietnamBT,2020-07-29T08:57:00
Vietnam,Balance of Trade,2013-04-30T00:00:00,-0.936,Monthly,VietnamBT,2020-07-29T08:57:00
Vietnam,Balance of Trade,2013-05-31T00:00:00,-0.553,Monthly,VietnamBT,2020-07-29T08:57:00
Vietnam,Balance of Trade,2013-06-30T00:00:00,0.286,Monthly,VietnamBT,2020-07-29T08:57:00
Vietnam,Balance of Trade,2013-07-31T00:00:00,0.379,Monthly,VietnamBT,2020-07-29T08:57:00
Vietnam,Balance of Trade,2013-08-31T00:00:00,0.604,Monthly,VietnamBT,2020-07-29T08:57:00
Vietnam,Balance of Trade,2013-09-30T00:00:00,-0.088,Monthly,VietnamBT,2020-07-29T08:57:00
Vietnam,Balance of Trade,2013-10-31T00:00:00,0.101,Monthly,VietnamBT,2020-07-29T08:57:00
Vietnam,Balance of Trade,2013-11-30T00:00:00,1.004,Monthly,VietnamBT,2020-07-29T08:57:00
Vietnam,Balance of Trade,2013-12-31T00:00:00,-0.548,Monthly,VietnamBT,2020-07-29T08:57:00
Vietnam,Balance of Trade,2014-01-31T00:00:00,1.444,Monthly,VietnamBT,2020-07-29T08:57:00
Vietnam,Balance of Trade,2014-02-28T00:00:00,-0.55,Monthly,VietnamBT,2020-07-29T08:57:00
Vietnam,Balance of Trade,2014-03-31T00:00:00,-0.196,Monthly,VietnamBT,2020-07-29T08:57:00
Vietnam,Balance of Trade,2014-04-30T00:00:00,0.811,Monthly,VietnamBT,2020-07-29T08:57:00
Vietnam,Balance of Trade,2014-05-31T00:00:00,-0.369,Monthly,VietnamBT,2020-07-29T08:57:00
Vietnam,Balance of Trade,2014-06-30T00:00:00,-0.052,Monthly,VietnamBT,2020-07-29T08:57:00
Vietnam,Balance of Trade,2014-07-31T00:00:00,-0.049,Monthly,VietnamBT,2020-07-29T08:57:00
Vietnam,Balance of Trade,2014-08-31T00:00:00,1.074,Monthly,VietnamBT,2020-07-29T08:57:00
Vietnam,Balance of Trade,2014-09-30T00:00:00,-0.582,Monthly,VietnamBT,2020-07-29T08:57:00
Vietnam,Balance of Trade,2014-10-31T00:00:00,-0.004,Monthly,VietnamBT,2020-07-29T08:57:00
Vietnam,Balance of Trade,2014-11-30T00:00:00,0.438,Monthly,VietnamBT,2020-07-29T08:57:00
Vietnam,Balance of Trade,2014-12-31T00:00:00,-1.17,Monthly,VietnamBT,2020-07-29T08:57:00
Vietnam,Balance of Trade,2015-01-31T00:00:00,-0.361,Monthly,VietnamBT,2020-07-29T08:57:00
Vietnam,Balance of Trade,2015-02-28T00:00:00,-0.97,Monthly,VietnamBT,2020-07-29T08:57:00
Vietnam,Balance of Trade,2015-03-31T00:00:00,-1.391,Monthly,VietnamBT,2020-07-29T08:57:00
Vietnam,Balance of Trade,2015-04-30T00:00:00,0.148,Monthly,VietnamBT,2020-07-29T08:57:00
Vietnam,Balance of Trade,2015-05-31T00:00:00,-1.239,Monthly,VietnamBT,2020-07-29T08:57:00
Vietnam,Balance of Trade,2015-06-30T00:00:00,-0.14,Monthly,VietnamBT,2020-07-29T08:57:00
Vietnam,Balance of Trade,2015-07-31T00:00:00,-0.49,Monthly,VietnamBT,2020-07-29T08:57:00
Vietnam,Balance of Trade,2015-08-31T00:00:00,0.35,Monthly,VietnamBT,2020-07-29T08:57:00
Vietnam,Balance of Trade,2015-09-30T00:00:00,-0.22,Monthly,VietnamBT,2020-07-29T08:57:00
Vietnam,Balance of Trade,2015-10-31T00:00:00,0.5,Monthly,VietnamBT,2020-07-29T08:57:00
Vietnam,Balance of Trade,2015-11-30T00:00:00,0.3,Monthly,VietnamBT,2020-07-29T08:57:00
Vietnam,Balance of Trade,2015-12-31T00:00:00,-0.56,Monthly,VietnamBT,2020-07-29T08:57:00
Vietnam,Balance of Trade,2016-01-31T00:00:00,0.765,Monthly,VietnamBT,2020-07-29T08:57:00
Vietnam,Balance of Trade,2016-02-29T00:00:00,-0.19,Monthly,VietnamBT,2020-07-29T08:57:00
Vietnam,Balance of Trade,2016-03-31T00:00:00,0.624,Monthly,VietnamBT,2020-07-29T08:57:00
Vietnam,Balance of Trade,2016-04-30T00:00:00,0.277,Monthly,VietnamBT,2020-07-29T08:57:00
Vietnam,Balance of Trade,2016-05-31T00:00:00,-0.177,Monthly,VietnamBT,2020-07-29T08:57:00
Vietnam,Balance of Trade,2016-06-30T00:00:00,-0.017,Monthly,VietnamBT,2020-07-29T08:57:00
Vietnam,Balance of Trade,2016-07-31T00:00:00,0.564,Monthly,VietnamBT,2020-07-29T08:57:00
Vietnam,Balance of Trade,2016-08-31T00:00:00,0.573,Monthly,VietnamBT,2020-07-29T08:57:00
Vietnam,Balance of Trade,2016-09-30T00:00:00,0.864,Monthly,VietnamBT,2020-07-29T08:57:00
Vietnam,Balance of Trade,2016-10-31T00:00:00,-0.445,Monthly,VietnamBT,2020-07-29T08:57:00
Vietnam,Balance of Trade,2016-11-30T00:00:00,-0.243,Monthly,VietnamBT,2020-07-29T08:57:00
Vietnam,Balance of Trade,2016-12-31T00:00:00,-0.494,Monthly,VietnamBT,2020-07-29T08:57:00
Vietnam,Balance of Trade,2017-01-31T00:00:00,1.154,Monthly,VietnamBT,2020-07-29T08:57:00
Vietnam,Balance of Trade,2017-02-28T00:00:00,-2.044,Monthly,VietnamBT,2020-07-29T08:57:00
Vietnam,Balance of Trade,2017-03-31T00:00:00,-1.104,Monthly,VietnamBT,2020-07-29T08:57:00
Vietnam,Balance of Trade,2017-04-30T00:00:00,0.186,Monthly,VietnamBT,2020-07-29T08:57:00
Vietnam,Balance of Trade,2017-05-31T00:00:00,-0.528,Monthly,VietnamBT,2020-07-29T08:57:00
Vietnam,Balance of Trade,2017-06-30T00:00:00,-0.292,Monthly,VietnamBT,2020-07-29T08:57:00
Vietnam,Balance of Trade,2017-07-31T00:00:00,0.266,Monthly,VietnamBT,2020-07-29T08:57:00
Vietnam,Balance of Trade,2017-08-31T00:00:00,1.586,Monthly,VietnamBT,2020-07-29T08:57:00
Vietnam,Balance of Trade,2017-09-30T00:00:00,1.101,Monthly,VietnamBT,2020-07-29T08:57:00
Vietnam,Balance of Trade,2017-10-31T00:00:00,2.181,Monthly,VietnamBT,2020-07-29T08:57:00
Vietnam,Balance of Trade,2017-11-30T00:00:00,0.596,Monthly,VietnamBT,2020-07-29T08:57:00
Vietnam,Balance of Trade,2017-12-31T00:00:00,-0.234,Monthly,VietnamBT,2020-07-29T08:57:00
Vietnam,Balance of Trade,2018-01-31T00:00:00,0.18,Monthly,VietnamBT,2020-07-29T08:57:00
Vietnam,Balance of Trade,2018-02-28T00:00:00,0.294,Monthly,VietnamBT,2020-07-29T08:57:00
Vietnam,Balance of Trade,2018-03-31T00:00:00,2.258,Monthly,VietnamBT,2020-07-29T08:57:00
Vietnam,Balance of Trade,2018-04-30T00:00:00,1.163,Monthly,VietnamBT,2020-07-29T08:57:00
Vietnam,Balance of Trade,2018-05-31T00:00:00,-0.814,Monthly,VietnamBT,2020-07-29T08:57:00
Vietnam,Balance of Trade,2018-06-30T00:00:00,0.799,Monthly,VietnamBT,2020-07-29T08:57:00
Vietnam,Balance of Trade,2018-07-31T00:00:00,-0.635,Monthly,VietnamBT,2020-07-29T08:57:00
Vietnam,Balance of Trade,2018-08-31T00:00:00,2.2,Monthly,VietnamBT,2020-07-29T08:57:00
Vietnam,Balance of Trade,2018-09-30T00:00:00,1.61,Monthly,VietnamBT,2020-07-29T08:57:00
Vietnam,Balance of Trade,2018-10-31T00:00:00,0.77,Monthly,VietnamBT,2020-07-29T08:57:00
Vietnam,Balance of Trade,2018-11-30T00:00:00,0.16,Monthly,VietnamBT,2020-07-29T08:57:00
Vietnam,Balance of Trade,2018-12-31T00:00:00,0.108,Monthly,VietnamBT,2020-07-29T08:57:00
Vietnam,Balance of Trade,2019-01-31T00:00:00,0.82,Monthly,VietnamBT,2020-07-29T08:57:00
Vietnam,Balance of Trade,2019-02-28T00:00:00,-0.76,Monthly,VietnamBT,2020-07-29T08:57:00
Vietnam,Balance of Trade,2019-03-31T00:00:00,1.63,Monthly,VietnamBT,2020-07-29T08:57:00
Vietnam,Balance of Trade,2019-04-30T00:00:00,-0.55,Monthly,VietnamBT,2020-07-29T08:57:00
Vietnam,Balance of Trade,2019-05-31T00:00:00,-1.29,Monthly,VietnamBT,2020-07-29T08:57:00
Vietnam,Balance of Trade,2019-06-30T00:00:00,1.93,Monthly,VietnamBT,2020-07-29T08:57:00
Vietnam,Balance of Trade,2019-07-31T00:00:00,0.043,Monthly,VietnamBT,2020-07-29T08:57:00
Vietnam,Balance of Trade,2019-08-31T00:00:00,3.435,Monthly,VietnamBT,2020-07-29T08:57:00
Vietnam,Balance of Trade,2019-09-30T00:00:00,1.608,Monthly,VietnamBT,2020-07-29T08:57:00
Vietnam,Balance of Trade,2019-10-31T00:00:00,1.86,Monthly,VietnamBT,2020-07-29T08:57:00
Vietnam,Balance of Trade,2019-11-30T00:00:00,1.45,Monthly,VietnamBT,2020-07-29T08:57:00
Vietnam,Balance of Trade,2019-12-31T00:00:00,0.26,Monthly,VietnamBT,2020-07-29T08:57:00
Vietnam,Balance of Trade,2020-01-31T00:00:00,-0.28,Monthly,VietnamBT,2020-07-29T08:57:00
Vietnam,Balance of Trade,2020-02-29T00:00:00,2.28,Monthly,VietnamBT,2020-07-29T08:57:00
Vietnam,Balance of Trade,2020-03-31T00:00:00,1.98,Monthly,VietnamBT,2020-07-29T08:57:00
Vietnam,Balance of Trade,2020-04-30T00:00:00,-0.94,Monthly,VietnamBT,2020-07-29T08:57:00
Vietnam,Balance of Trade,2020-05-31T00:00:00,1.01,Monthly,VietnamBT,2020-07-29T08:57:00
Vietnam,Balance of Trade,2020-06-30T00:00:00,1.85,Monthly,VietnamBT,2020-09-14T08:59:00
Vietnam,Balance of Trade,2020-07-31T00:00:00,2.78,Monthly,VietnamBT,2020-09-14T08:59:00
Vietnam,Balance of Trade,2020-08-31T00:00:00,4.99,Monthly,VietnamBT,2021-02-08T09:36:00
Vietnam,Balance of Trade,2020-09-30T00:00:00,2.96,Monthly,VietnamBT,2020-10-29T02:37:00
Vietnam,Balance of Trade,2020-10-31T00:00:00,2.94,Monthly,VietnamBT,2021-02-08T09:36:00
Vietnam,Balance of Trade,2020-11-30T00:00:00,0.55,Monthly,VietnamBT,2021-02-08T09:36:00
Vietnam,Balance of Trade,2020-12-31T00:00:00,-0.25,Monthly,VietnamBT,2021-02-08T09:36:00
Vietnam,Balance of Trade,2021-01-31T00:00:00,2.09,Monthly,VietnamBT,2021-02-08T09:36:00
Vietnam,Balance of Trade,2021-02-28T00:00:00,-0.46,Monthly,VietnamBT,2021-04-12T09:44:00
Vietnam,Balance of Trade,2021-03-31T00:00:00,1.2,Monthly,VietnamBT,2021-04-29T03:16:00
Vietnam,Balance of Trade,2021-04-30T00:00:00,-1.24,Monthly,VietnamBT,2022-05-29T02:13:00
Vietnam,Balance of Trade,2021-05-31T00:00:00,-2.07,Monthly,VietnamBT,2021-06-10T07:51:00
Vietnam,Balance of Trade,2021-06-30T00:00:00,-0.56,Monthly,VietnamBT,2021-07-29T02:29:00
Vietnam,Balance of Trade,2021-07-31T00:00:00,-1.25,Monthly,VietnamBT,2021-08-29T02:11:00
Vietnam,Balance of Trade,2021-08-31T00:00:00,-1.3,Monthly,VietnamBT,2021-08-29T02:12:00
Vietnam,Balance of Trade,2021-09-30T00:00:00,0.36,Monthly,VietnamBT,2021-10-29T02:27:00
Vietnam,Balance of Trade,2021-10-31T00:00:00,2.74,Monthly,VietnamBT,2021-11-29T02:09:00
Vietnam,Balance of Trade,2021-11-30T00:00:00,1.3,Monthly,VietnamBT,2021-12-29T02:32:00
Vietnam,Balance of Trade,2021-12-31T00:00:00,2.97,Monthly,VietnamBT,2022-01-29T02:10:00
Vietnam,Balance of Trade,2022-01-31T00:00:00,1.39,Monthly,VietnamBT,2022-02-28T03:40:00
Vietnam,Balance of Trade,2022-02-28T00:00:00,-1.96,Monthly,VietnamBT,2022-03-29T02:31:00
Vietnam,Balance of Trade,2022-03-31T00:00:00,2.05,Monthly,VietnamBT,2022-04-07T08:11:00
Vietnam,Balance of Trade,2022-04-30T00:00:00,0.85,Monthly,VietnamBT,2022-05-09T12:11:00
Vietnam,Balance of Trade,2022-05-31T00:00:00,-1.75,Monthly,VietnamBT,2022-06-29T04:00:00
Vietnam,Balance of Trade,2022-06-30T00:00:00,0.61,Monthly,VietnamBT,2022-07-29T03:33:00
Vietnam,Balance of Trade,2022-07-31T00:00:00,0.08,Monthly,VietnamBT,2022-08-08T13:15:00
Vietnam,Balance of Trade,2022-08-31T00:00:00,3.86,Monthly,VietnamBT,2022-09-29T03:33:00
Vietnam,Balance of Trade,2022-09-30T00:00:00,1.43,Monthly,VietnamBT,2022-10-29T02:28:00
Vietnam,Balance of Trade,2022-10-31T00:00:00,2.47,Monthly,VietnamBT,2022-11-29T02:11:00
Vietnam,Balance of Trade,2022-11-30T00:00:00,0.74,Monthly,VietnamBT,2022-12-29T04:20:00
Vietnam,Balance of Trade,2022-12-31T00:00:00,1.74,Monthly,VietnamBT,2023-01-29T04:01:00
Vietnam,Balance of Trade,2023-01-31T00:00:00,0.52,Monthly,VietnamBT,2023-02-28T02:16:00
Vietnam,Balance of Trade,2023-02-28T00:00:00,2.81,Monthly,VietnamBT,2023-03-29T02:30:00
Vietnam,Balance of Trade,2023-03-31T00:00:00,1.39,Monthly,VietnamBT,2023-04-29T02:13:00
Vietnam,Balance of Trade,2023-04-30T00:00:00,2.66,Monthly,VietnamBT,2023-07-13T16:15:00
Vietnam,Balance of Trade,2023-05-31T00:00:00,2.01,Monthly,VietnamBT,2023-07-13T16:15:00
Vietnam,Balance of Trade,2023-06-30T00:00:00,3.09,Monthly,VietnamBT,2023-07-29T02:14:00
Vietnam,Balance of Trade,2023-07-31T00:00:00,3.07,Monthly,VietnamBT,2023-08-12T11:11:00
Vietnam,Balance of Trade,2023-08-31T00:00:00,3.44,Monthly,VietnamBT,2023-09-23T10:09:00
Vietnam,Balance of Trade,2023-09-30T00:00:00,2.2,Monthly,VietnamBT,2023-10-21T10:09:00
Vietnam,Balance of Trade,2023-10-31T00:00:00,2.73,Monthly,VietnamBT,2023-11-11T10:09:00
Vietnam,Balance of Trade,2023-11-30T00:00:00,1.54,Monthly,VietnamBT,2024-01-13T10:10:00
Vietnam,Balance of Trade,2023-12-31T00:00:00,2.06,Monthly,VietnamBT,2024-02-03T10:09:00
Vietnam,Balance of Trade,2024-01-31T00:00:00,3.63,Monthly,VietnamBT,2024-03-02T10:09:00
Vietnam,Balance of Trade,2024-02-29T00:00:00,1.38,Monthly,VietnamBT,2024-04-06T10:09:00
Vietnam,Balance of Trade,2024-03-31T00:00:00,2.78,Monthly,VietnamBT,2024-04-29T02:20:00
Vietnam,Balance of Trade,2024-04-30T00:00:00,1.11,Monthly,VietnamBT,2024-05-29T02:17:00
Vietnam,Balance of Trade,2024-05-31T00:00:00,-0.45,Monthly,VietnamBT,2024-06-29T02:41:00
Vietnam,Balance of Trade,2024-06-30T00:00:00,3.2,Monthly,VietnamBT,2024-07-29T03:06:00
Vietnam,Balance of Trade,2024-07-31T00:00:00,2.36,Monthly,VietnamBT,2024-09-06T02:21:00
Vietnam,Balance of Trade,2024-08-31T00:00:00,4.05,Monthly,VietnamBT,2024-10-06T02:46:00
Vietnam,Balance of Trade,2024-09-30T00:00:00,2.29,Monthly,VietnamBT,2024-10-06T02:46:00
Vietnam,Balance of Trade,2024-10-31T00:00:00,2.03,Monthly,VietnamBT,2024-12-06T02:15:00
Vietnam,Balance of Trade,2024-11-30T00:00:00,1.06,Monthly,VietnamBT,2025-01-06T02:28:00
Vietnam,Balance of Trade,2024-12-31T00:00:00,0.52,Monthly,VietnamBT,2025-01-06T02:27:00
Vietnam,Balance of Trade,2025-01-31T00:00:00,3.1,Monthly,VietnamBT,2026-01-05T08:23:00
Vietnam,Balance of Trade,2025-02-28T00:00:00,-1.58,Monthly,VietnamBT,2026-01-05T08:23:00
Vietnam,Balance of Trade,2025-03-31T00:00:00,1.7,Monthly,VietnamBT,2026-01-05T08:23:00
Vietnam,Balance of Trade,2025-04-30T00:00:00,0.9,Monthly,VietnamBT,2026-01-05T08:23:00
Vietnam,Balance of Trade,2025-05-31T00:00:00,0.62,Monthly,VietnamBT,2026-01-05T08:23:00
Vietnam,Balance of Trade,2025-06-30T00:00:00,3.2,Monthly,VietnamBT,2026-01-05T08:23:00
Vietnam,Balance of Trade,2025-07-31T00:00:00,2.34,Monthly,VietnamBT,2026-01-05T08:23:00
Vietnam,Balance of Trade,2025-08-31T00:00:00,3.7,Monthly,VietnamBT,2026-01-05T08:23:00
Vietnam,Balance of Trade,2025-09-30T00:00:00,2.97,Monthly,VietnamBT,2026-01-05T08:24:00
Vietnam,Balance of Trade,2025-10-31T00:00:00,2.38,Monthly,VietnamBT,2026-01-05T08:24:00
Vietnam,Balance of Trade,2025-11-30T00:00:00,1.23,Monthly,VietnamBT,2026-01-05T08:24:00
Vietnam,Balance of Trade,2025-12-31T00:00:00,-0.64,Monthly,VietnamBT,2026-02-06T02:26:00
Vietnam,Balance of Trade,2026-01-31T00:00:00,-1.78,Monthly,VietnamBT,2026-02-06T02:07:00
Vietnam,Balance of Trade,2026-02-28T00:00:00,-1.04,Monthly,VietnamBT,2026-03-06T02:10:00
